"0","idx <- createFolds(Y, k=10)"
"0","train.error = c()"
"0","test.error = c()"
"0","for(k in 1:30){"
"0","  test.error.tmp = c()"
"0","  train.error.tmp = c()"
"0","  for(i in 1:10){"
"0","    pred <- knn(train = predX[-idx[[i]],],test = predX[idx[[i]],], cl = Y[-idx[[i]]], k=k)"
"0","    test.error.tmp = c(test.error.tmp,mean(Y[idx[[i]],] != pred))"
"0","    pred <- knn(train = predX[-idx[[i]],],test = predX[-idx[[i]],], cl = Y[-idx[[i]]], k=k)"
"0","    train.error.tmp = c(train.error.tmp,mean(Y[-idx[[i]],] != pred))"
"0","  }"
"0","  test.error = rbind(test.error,test.error.tmp)"
"0","  train.error = rbind(train.error,train.error.tmp)"
"0","}"
"0","plot(1:30, rowMeans(train.error), col='blue', type='b', ylim = c(0,0.4))"
