{"chunk_definitions":[{"row":8,"row_count":1,"visible":true,"expansion_state":0,"options":{"engine":"r","label":"unnamed-chunk-1"},"document_id":"0C6E4300","chunk_id":"crazp7krsqt34","chunk_label":"unnamed-chunk-1"},{"row":15,"row_count":1,"visible":true,"expansion_state":0,"options":{"engine":"r","label":"unnamed-chunk-3"},"document_id":"0C6E4300","chunk_id":"c9qx51pdwy9se","chunk_label":"unnamed-chunk-2"},{"row":21,"row_count":1,"visible":true,"expansion_state":0,"options":{"engine":"r","label":"unnamed-chunk-3"},"document_id":"0C6E4300","chunk_id":"cwd2f8c1fbp6u","chunk_label":"unnamed-chunk-3"},{"row":33,"row_count":1,"visible":true,"expansion_state":0,"options":{"engine":"r","label":"unnamed-chunk-16"},"document_id":"0C6E4300","chunk_id":"cetet47dkkw0r","chunk_label":"unnamed-chunk-4"},{"row":45,"row_count":1,"visible":true,"expansion_state":0,"options":{"engine":"r","label":"unnamed-chunk-17"},"document_id":"0C6E4300","chunk_id":"c6efm5ukcutqr","chunk_label":"unnamed-chunk-5"},{"row":55,"row_count":1,"visible":true,"expansion_state":0,"options":{"engine":"r","label":"unnamed-chunk-18"},"document_id":"0C6E4300","chunk_id":"cri15coodetq6","chunk_label":"unnamed-chunk-6"},{"row":77,"row_count":1,"visible":true,"expansion_state":0,"options":{"engine":"r","label":"unnamed-chunk-7"},"document_id":"0C6E4300","chunk_id":"c1mygjeky05ct","chunk_label":"unnamed-chunk-7"},{"row":85,"row_count":1,"visible":true,"expansion_state":0,"options":{"engine":"r","label":"unnamed-chunk-9"},"document_id":"0C6E4300","chunk_id":"c7ddlmc2lld4i","chunk_label":"unnamed-chunk-8"}],"doc_write_time":1619230604}