{"chunk_definitions":[{"row":7,"row_count":1,"visible":true,"expansion_state":0,"options":{"engine":"r"},"document_id":"2BBCDDE3","chunk_id":"ccsclmgkqpdbk","chunk_label":"unnamed-chunk-1"},{"row":32,"row_count":1,"visible":true,"expansion_state":0,"options":{"engine":"r"},"document_id":"2BBCDDE3","chunk_id":"cfvfk5w20ff9s","chunk_label":"unnamed-chunk-2"},{"row":40,"row_count":1,"visible":true,"expansion_state":0,"options":{"engine":"r"},"document_id":"2BBCDDE3","chunk_id":"czld91n8hozqs","chunk_label":"unnamed-chunk-3"}],"doc_write_time":1619220022}