{"chunk_definitions":[{"row":7,"row_count":1,"visible":true,"expansion_state":0,"options":{"engine":"r","label":"unnamed-chunk-1"},"document_id":"2BBCDDE3","chunk_id":"ccsclmgkqpdbk","chunk_label":"unnamed-chunk-1"},{"row":32,"row_count":1,"visible":true,"expansion_state":0,"options":{"engine":"r","label":"unnamed-chunk-1"},"document_id":"2BBCDDE3","chunk_id":"cfvfk5w20ff9s","chunk_label":"unnamed-chunk-2"},{"row":38,"row_count":1,"visible":true,"expansion_state":0,"options":{"engine":"r","label":"unnamed-chunk-1"},"document_id":"2BBCDDE3","chunk_id":"czld91n8hozqs","chunk_label":"unnamed-chunk-3"},{"row":47,"row_count":1,"visible":true,"expansion_state":0,"options":{"engine":"r","label":"unnamed-chunk-20"},"document_id":"2BBCDDE3","chunk_id":"cozu8iet97bup","chunk_label":"unnamed-chunk-4"}],"doc_write_time":1619229012}