"0",""
"0","library(class)"
"0",""
"0","cancer_train <- df[1:30,]"
"0","cancer_test <- df[31:40,]"
"0",""
"0","cancer_train_labels <- df[1:30,5725]"
"0","cancer_test_labels <- df[31:40,5725]"
"0","target <- factor(df$class)"
"0","df$class = target "
"0","cancer_train_labels <- as.data.frame(cancer_train_labels)"
"0","cancer_test_labels <- as.data.frame(cancer_test_labels)"
"0",""
"0","df$class<-as.numeric(df$class)"
"0","cancer_train_labels$cancer_train_labels<-as.numeric(cancer_train_labels$cancer_train_labels)"
"0","cl = cancer_train_labels[,1]"
"0","prc_test_pred <- knn(train = cancer_train, test = cancer_test,cl=cl, k=5)"
"0","prc_test_pred"
"1"," [1]"
"1"," 3"
"1"," 3"
"1"," 3"
"1"," 2"
"1"," 1"
"1"," 1"
"1"," 1"
"1"," 1"
"1"," 3"
"1"," 1"
"1","
"
"1",""
"1","Levels: "
"1",""
"1","1 2 3"
"1",""
"1","
"
