"0","# fitting models for 30 different k-values (one for test and one for train set for each K)"
"0","train.error = rep(0,30)"
"0","test.error = rep(0,30)"
"0","for(k in 1:30){"
"0","    model.knn.train <- knn(train=predX[trainIndex,],test=predX[trainIndex,],cl=Y[trainIndex],k=k, prob=F)"
"0","    train.error[k] <- sum(model.knn.train!=Y[trainIndex])/length(Y[trainIndex])"
"0","    model.knn.test <- knn(train=predX[trainIndex,], test=predX[-trainIndex,], cl=Y[trainIndex], k=k, prob=F)"
"0","    test.error[k] <- sum(model.knn.test!=Y[-trainIndex])/length(Y[-trainIndex])"
"0","}"
